<?xml version="1.0" encoding="UTF-8"?>
<configuration>
  <appender name="STDOUT" class="ch.qos.logback.core.ConsoleAppender">
    <!-- Log message format -->
    <encoder>
      <pattern>%d{HH:mm:ss.SSS} [%thread] %-5level %logger{36} - %msg%n
      </pattern>
    </encoder>
  </appender>
  
  <appender name="FILE" class="ch.qos.logback.core.FileAppender">
  	<file>eCommerce.log</file>
  	<encoder>
      <pattern>%d{HH:mm:ss.SSS} [%thread] %-5level %logger{36} - %msg%n
      </pattern>
    </encoder>
  </appender>

  <!-- application specific logging level -->
  <logger name="com.acme.ecommerce" level="debug"/>

  <!-- Setting the root level of logging (logging level for all other components) -->
  <root level="warn">
  	<appender-ref ref="STDOUT"/>
    <!-- <appender-ref ref="FILE" /> -->
  </root>
</configuration>